Cores,Time(s),Speedup,Efficiency
7.0066,0.911166,0.911166
2,15.5816,1.57927,0.789633
4,10.988,2.23949,0.559872
8,9.33408,2.63631,0.329538
