Cores,Time(s),Speedup,Efficiency
4.099,0.928648,0.928648
2,12.8063,1.74754,0.873769
4,9.12746,2.45189,0.612972
